title,published_at,topic,featured,canonical_url
"Deep Dive into Flutter Create",2024-09-11,Flutter,yes,https://medium.com/nonstopio/deep-dive-into-flutter-create-f629f3926d82
"How to use environment variables in Flutter?",2024-06-21,Flutter,yes,https://medium.com/nonstopio/how-to-use-environment-variables-in-flutter-90cfc882177d
"Flutter’s Device Preview: Get a Sneak Peek of Your App’s Appearance on Any Device",2023-04-29,Flutter,no,https://medium.com/nonstopio/flutters-device-preview-get-a-sneak-peek-of-your-app-s-appearance-on-any-device-c55526604588
"Discover How Flutter is Built with Dart Using the Power of S.O.L.I.D Principles!",2023-03-03,Architecture,yes,https://medium.com/nonstopio/discover-how-flutter-is-built-with-dart-using-the-power-of-s-o-l-i-d-principles-459781210913
"Host Flutter Web on Github Pages using Github Actions #FREE",2022-09-24,DevOps,no,https://medium.com/nonstopio/host-flutter-web-on-github-pages-using-github-actions-free-168585ec2981
"Exploring Flutter 3.3",2022-09-05,Flutter,no,https://medium.com/nonstopio/exploring-the-new-flutter-3-3-4d9e0fd062ff
"Passwordless Email Sign in using Flutter and Firebase",2022-08-18,Firebase,yes,https://medium.com/nonstopio/passwordless-email-sign-in-using-flutter-and-firebase-36f159c9d1aa
"Flutter: Setting up coding standards in your organization",2021-12-05,Architecture,no,https://medium.com/nonstopio/flutter-fabricating-coding-standards-in-your-organization-f209a4a5a84e
"Are you learning something new?",2020-09-28,Learning,no,https://medium.com/nonstopio/are-you-learning-something-new-e2729d63acbd
"Are Developers Not Good Testers?",2020-08-31,Engineering,no,https://medium.com/nonstopio/are-developers-not-good-testers-fd69a788e40
